treeid,female,male,prov,block,plot,height,diameter,volume
191_1_1_1,191,0,10,1,1,10.7,15,0.0722
191_1_1_2,191,0,10,1,1,11.5,22,0.167
191_1_1_3,191,0,10,1,1,12.1,23.8,0.2056
191_1_1_4,191,0,10,1,1,12,22.7,0.1855
191_1_1_5,191,0,10,1,1,12.2,21.5,0.1692
191_1_1_6,191,0,10,1,1,12.5,22.8,0.1949
192_1_2_1,192,0,10,1,2,12.8,24.1,0.223
192_1_2_2,192,0,10,1,2,12,19.8,0.1411
192_1_2_4,192,0,10,1,2,13.9,23.4,0.2283
192_1_2_6,192,0,10,1,2,13.1,22.1,0.1919
170_1_3_1,170,0,10,1,3,12.5,19.6,0.1441
170_1_3_2,170,0,10,1,3,9,11.2,0.0339
170_1_3_5,170,0,10,1,3,10.7,17.8,0.1017
210_1_4_4,210,0,12,1,4,11.1,23.2,0.1792
210_1_4_5,210,0,12,1,4,11.5,21.6,0.161
210_1_4_6,210,0,12,1,4,11,17.5,0.1011
216_1_5_1,216,0,12,1,5,8.5,11.1,0.0314
216_1_5_2,216,0,12,1,5,13.4,18.9,0.1436
216_1_5_3,216,0,12,1,5,10.6,16.9,0.0908
216_1_5_4,216,0,12,1,5,8.8,13.7,0.0496
216_1_5_5,216,0,12,1,5,7.7,9,0.0187
216_1_5_6,216,0,12,1,5,11.8,24.4,0.2108
211_1_6_1,211,0,12,1,6,12.2,22.4,0.1836
211_1_6_2,211,0,12,1,6,9.5,15,0.0641
211_1_6_3,211,0,12,1,6,15.2,26.2,0.313
211_1_6_4,211,0,12,1,6,12.1,22.4,0.1821
211_1_6_5,211,0,12,1,6,12.4,23.3,0.202
211_1_6_6,211,0,12,1,6,11.3,20.2,0.1383
212_1_7_1,212,0,12,1,7,12.6,21.9,0.1813
212_1_7_2,212,0,12,1,7,11,17.9,0.1057
212_1_7_3,212,0,12,1,7,12.2,20.2,0.1493
212_1_7_4,212,0,12,1,7,11.5,19.4,0.1298
212_1_7_5,212,0,12,1,7,9.1,16.7,0.0761
212_1_7_6,212,0,12,1,7,10.5,18.3,0.1055
217_1_8_1,217,0,12,1,8,12.4,22.8,0.1934
217_1_8_3,217,0,12,1,8,12.7,23.3,0.2068
217_1_8_4,217,0,12,1,8,10.6,18.5,0.1088
217_1_8_5,217,0,12,1,8,12.3,20.8,0.1596
217_1_8_6,217,0,12,1,8,11.8,22.3,0.176
224_1_9_1,224,0,12,1,9,10.2,16.7,0.0853
224_1_9_2,224,0,12,1,9,11.9,22.8,0.1856
224_1_9_4,224,0,12,1,9,10.8,22.3,0.1611
224_1_9_6,224,0,12,1,9,9.3,14,0.0547
219_1_10_1,219,0,12,1,10,11.6,20.2,0.142
219_1_10_2,219,0,12,1,10,10.2,17.2,0.0905
219_1_10_3,219,0,12,1,10,10.5,20.2,0.1285
219_1_10_4,219,0,12,1,10,5.2,5.7,0.0051
219_1_10_5,219,0,12,1,10,10.5,19.4,0.1186
219_1_10_6,219,0,12,1,10,7.8,8.3,0.0161
225_1_11_1,225,0,12,1,11,12.3,22.9,0.1935
225_1_11_2,225,0,12,1,11,11.5,21.1,0.1536
225_1_11_3,225,0,12,1,11,11.5,18.6,0.1194
225_1_11_4,225,0,12,1,11,11.2,21.2,0.151
225_1_11_5,225,0,12,1,11,10.5,17.1,0.0921
225_1_11_6,225,0,12,1,11,12.1,20.3,0.1496
218_1_12_1,218,0,12,1,12,12.5,22,0.1815
218_1_12_3,218,0,12,1,12,10.7,13.2,0.0559
218_1_12_4,218,0,12,1,12,11.3,16,0.0868
218_1_12_5,218,0,12,1,12,10.5,18.9,0.1125
218_1_12_6,218,0,12,1,12,11.4,22.2,0.1686
213_1_13_2,213,0,12,1,13,12.6,22.7,0.1948
213_1_13_3,213,0,12,1,13,11.5,23.5,0.1905
213_1_13_5,213,0,12,1,13,11.6,22,0.1684
213_1_13_6,213,0,12,1,13,12.2,23.2,0.197
227_1_14_1,227,0,12,1,14,11.2,21.3,0.1524
227_1_14_2,227,0,12,1,14,12,23.1,0.1921
227_1_14_3,227,0,12,1,14,11.9,23.4,0.1955
226_1_15_1,226,0,12,1,15,10,14.4,0.0622
226_1_15_2,226,0,12,1,15,12.3,22.7,0.1901
226_1_15_3,226,0,12,1,15,12.4,26,0.2515
226_1_15_4,226,0,12,1,15,12.6,25.3,0.242
226_1_15_6,226,0,12,1,15,12.6,24.1,0.2195
207_1_16_1,207,0,11,1,16,10.7,15.8,0.0801
207_1_16_2,207,0,11,1,16,12.1,16.7,0.1012
207_1_16_4,207,0,11,1,16,9.2,15.1,0.0629
207_1_16_5,207,0,11,1,16,11.6,21.8,0.1654
207_1_16_6,207,0,11,1,16,11.9,20.4,0.1486
206_1_17_1,206,0,11,1,17,11.2,20.2,0.1371
206_1_17_2,206,0,11,1,17,12.1,20.5,0.1526
206_1_17_3,206,0,11,1,17,9.5,25.3,0.1824
206_1_17_4,206,0,11,1,17,9.7,17.4,0.0881
206_1_17_5,206,0,11,1,17,8.5,13.2,0.0444
206_1_17_6,206,0,11,1,17,11.5,19.7,0.1339
201_1_18_2,201,0,11,1,18,10.4,19.5,0.1186
201_1_18_3,201,0,11,1,18,9.4,17,0.0815
201_1_18_6,201,0,11,1,18,7.1,10.8,0.0248
196_1_19_2,196,0,11,1,19,12.6,25.2,0.24
196_1_19_3,196,0,11,1,19,7.5,14.5,0.0473
196_1_19_6,196,0,11,1,19,10.9,22.2,0.1612
200_1_20_1,200,0,11,1,20,10.9,21.6,0.1526
200_1_20_2,200,0,11,1,20,10.8,16.9,0.0925
200_1_20_3,200,0,11,1,20,12,18.5,0.1232
200_1_20_5,200,0,11,1,20,11.2,18.4,0.1138
200_1_20_6,200,0,11,1,20,11.4,20.3,0.1409
202_1_21_2,202,0,11,1,21,9.9,17.5,0.091
202_1_21_3,202,0,11,1,21,10.3,14.5,0.065
202_1_21_4,202,0,11,1,21,11.2,16.9,0.096
202_1_21_5,202,0,11,1,21,11.8,19.3,0.1319
202_1_21_6,202,0,11,1,21,11.2,19.5,0.1278
205_1_22_2,205,0,11,1,22,9.8,19,0.1061
205_1_22_3,205,0,11,1,22,11.5,20.7,0.1478
205_1_22_5,205,0,11,1,22,12.8,19.3,0.143
205_1_22_6,205,0,11,1,22,9.9,14.3,0.0607
204_1_23_1,204,0,11,1,23,12,22.7,0.1855
204_1_23_2,204,0,11,1,23,12.3,25.3,0.2362
204_1_23_3,204,0,11,1,23,13.5,27.8,0.313
204_1_23_4,204,0,11,1,23,12.3,22,0.1786
204_1_23_5,204,0,11,1,23,12.3,23.7,0.2073
204_1_23_6,204,0,11,1,23,12.2,24.2,0.2143
197_1_24_2,197,0,11,1,24,12.8,20.8,0.1661
197_1_24_6,197,0,11,1,24,11.8,19.6,0.136
203_1_25_1,203,0,11,1,25,8.8,12.7,0.0426
203_1_25_2,203,0,11,1,25,11.5,19.5,0.1312
203_1_25_3,203,0,11,1,25,10.6,21,0.1402
203_1_25_4,203,0,11,1,25,10.7,19,0.1159
203_1_25_5,203,0,11,1,25,13.3,26.5,0.2802
203_1_25_6,203,0,11,1,25,10.6,15.5,0.0764
198_1_26_2,198,0,11,1,26,11.7,21.5,0.1622
198_1_26_4,198,0,11,1,26,10.7,15.7,0.0791
198_1_26_5,198,0,11,1,26,11.5,17.2,0.1021
198_1_26_6,198,0,11,1,26,11.9,21.3,0.162
233_1_27_2,233,0,13,1,27,11.8,22.6,0.1808
233_1_27_3,233,0,13,1,27,10.7,19.7,0.1246
233_1_27_4,233,0,13,1,27,7.7,10,0.0231
233_1_27_5,233,0,13,1,27,9.9,17.1,0.0868
233_1_27_6,233,0,13,1,27,9.3,16.3,0.0741
231_1_28_1,231,0,13,1,28,11.7,22.9,0.1841
231_1_28_2,231,0,13,1,28,10.2,19.6,0.1176
231_1_28_3,231,0,13,1,28,13.6,21.4,0.1868
231_1_28_4,231,0,13,1,28,10.1,17.2,0.0896
231_1_28_5,231,0,13,1,28,11.4,20.6,0.1451
231_1_28_6,231,0,13,1,28,8.8,14.9,0.0586
251_1_29_4,251,0,13,1,29,10.9,21.3,0.1484
251_1_29_6,251,0,13,1,29,9.8,13,0.0497
253_1_30_1,253,0,13,1,30,10.5,16.5,0.0858
253_1_30_2,253,0,13,1,30,12,21.2,0.1618
253_1_30_3,253,0,13,1,30,11.9,19.1,0.1302
253_1_30_5,253,0,13,1,30,9,16.7,0.0753
253_1_30_6,253,0,13,1,30,7.8,11.3,0.0299
245_1_31_1,245,0,13,1,31,9.3,15,0.0628
245_1_31_2,245,0,13,1,31,10.4,17.5,0.0956
245_1_31_3,245,0,13,1,31,13.9,26.5,0.2928
245_1_31_5,245,0,13,1,31,10.7,21.9,0.154
245_1_31_6,245,0,13,1,31,10.3,25.3,0.1978
239_1_32_1,239,0,13,1,32,9.8,15.4,0.0697
239_1_32_2,239,0,13,1,32,12,20.3,0.1484
239_1_32_3,239,0,13,1,32,8.9,13.8,0.0508
239_1_32_4,239,0,13,1,32,8,19.9,0.095
239_1_32_5,239,0,13,1,32,10.3,16.5,0.0841
239_1_32_6,239,0,13,1,32,10,17.4,0.0908
232_1_33_1,232,0,13,1,33,9.7,15.2,0.0672
232_1_33_2,232,0,13,1,33,6.4,9.2,0.0163
232_1_33_3,232,0,13,1,33,11.6,25.6,0.2281
232_1_33_5,232,0,13,1,33,9.1,18.1,0.0894
232_1_33_6,232,0,13,1,33,8,15,0.054
247_1_34_1,247,0,13,1,34,10.6,18.2,0.1053
247_1_34_2,247,0,13,1,34,9.3,18.4,0.0945
247_1_34_3,247,0,13,1,34,7.3,13.2,0.0382
247_1_34_4,247,0,13,1,34,6.3,8.4,0.0133
247_1_34_5,247,0,13,1,34,8.4,14,0.0494
238_1_35_2,238,0,13,1,35,11.3,21.9,0.1626
238_1_35_3,238,0,13,1,35,9.4,15.8,0.0704
238_1_35_4,238,0,13,1,35,12.1,21.2,0.1631
238_1_35_5,238,0,13,1,35,13.3,25.8,0.2656
238_1_35_6,238,0,13,1,35,9.9,14.9,0.0659
252_1_36_1,252,0,13,1,36,11.4,22.1,0.167
252_1_36_2,252,0,13,1,36,11.4,23.6,0.1905
252_1_36_3,252,0,13,1,36,7.4,10.4,0.024
252_1_36_5,252,0,13,1,36,13.1,23.2,0.2115
252_1_36_6,252,0,13,1,36,13.5,26.8,0.2909
245_2_49_1,245,0,13,2,49,13.3,20.2,0.1628
245_2_49_2,245,0,13,2,49,10.2,16.4,0.0823
245_2_49_4,245,0,13,2,49,11.6,23,0.1841
245_2_49_6,245,0,13,2,49,10.7,21,0.1416
233_2_50_1,233,0,13,2,50,10.9,19,0.118
233_2_50_3,233,0,13,2,50,9.3,15.7,0.0688
233_2_50_4,233,0,13,2,50,11,21.3,0.1497
233_2_50_5,233,0,13,2,50,10.2,19.5,0.1164
233_2_50_6,233,0,13,2,50,10.9,18.1,0.1071
252_2_51_1,252,0,13,2,51,13,28.4,0.3146
252_2_51_2,252,0,13,2,51,10.2,18.1,0.1002
252_2_51_3,252,0,13,2,51,12.5,21,0.1654
252_2_51_4,252,0,13,2,51,10.5,20.7,0.135
252_2_51_5,252,0,13,2,51,11.1,19.5,0.1266
252_2_51_6,252,0,13,2,51,13,27.7,0.2992
239_2_52_2,239,0,13,2,52,10.8,20.7,0.1388
239_2_52_4,239,0,13,2,52,12.1,24.9,0.2251
239_2_52_5,239,0,13,2,52,7.7,11.2,0.029
239_2_52_6,239,0,13,2,52,10.2,15.9,0.0774
247_2_53_2,247,0,13,2,53,12.5,19.5,0.1426
247_2_53_3,247,0,13,2,53,10.9,21.2,0.147
247_2_53_4,247,0,13,2,53,11.5,15.3,0.0808
247_2_53_5,247,0,13,2,53,9.9,20.7,0.1273
247_2_53_6,247,0,13,2,53,9.3,16.9,0.0797
238_2_54_1,238,0,13,2,54,11.7,25,0.2194
238_2_54_2,238,0,13,2,54,13.8,23.2,0.2228
238_2_54_3,238,0,13,2,54,11.9,22,0.1728
238_2_54_4,238,0,13,2,54,12.7,22.5,0.1929
238_2_54_5,238,0,13,2,54,11.7,14.7,0.0758
253_2_55_2,253,0,13,2,55,14.3,23.1,0.2289
253_2_55_3,253,0,13,2,55,7.8,13,0.0395
253_2_55_4,253,0,13,2,55,11.8,20.5,0.1488
253_2_55_5,253,0,13,2,55,8.2,13.2,0.0429
253_2_55_6,253,0,13,2,55,11,19,0.1191
232_2_56_2,232,0,13,2,56,12,25.1,0.2268
232_2_56_3,232,0,13,2,56,9.9,17.9,0.0952
232_2_56_4,232,0,13,2,56,9.8,17.2,0.087
232_2_56_5,232,0,13,2,56,9.9,17.4,0.0899
232_2_56_6,232,0,13,2,56,11.3,26.2,0.2327
251_2_57_1,251,0,13,2,57,8.1,12.4,0.0374
251_2_57_2,251,0,13,2,57,10.5,22.7,0.1623
251_2_57_3,251,0,13,2,57,11.7,24.8,0.2159
251_2_57_4,251,0,13,2,57,9.5,16.4,0.0767
251_2_57_5,251,0,13,2,57,8.5,15.8,0.0637
231_2_58_1,231,0,13,2,58,10.2,16.2,0.0803
231_2_58_2,231,0,13,2,58,11.4,18.1,0.112
231_2_58_5,231,0,13,2,58,9.6,15.8,0.0719
231_2_58_6,231,0,13,2,58,8,13.9,0.0464
198_2_71_1,198,0,11,2,71,11.1,16.9,0.0951
198_2_71_2,198,0,11,2,71,9.5,13.4,0.0512
198_2_71_3,198,0,11,2,71,5.8,6.8,0.008
198_2_71_4,198,0,11,2,71,8.8,13.5,0.0481
198_2_71_5,198,0,11,2,71,8,13.6,0.0444
198_2_71_6,198,0,11,2,71,10.3,15.2,0.0714
207_2_72_1,207,0,11,2,72,12,19.1,0.1313
207_2_72_2,207,0,11,2,72,10.9,20.8,0.1415
207_2_72_3,207,0,11,2,72,12,20.8,0.1558
207_2_72_4,207,0,11,2,72,7.1,10.5,0.0235
207_2_72_6,207,0,11,2,72,8.9,10.6,0.03
205_2_73_1,205,0,11,2,73,10.6,16.7,0.0887
205_2_73_2,205,0,11,2,73,10.3,15.1,0.0705
205_2_73_3,205,0,11,2,73,10,15.8,0.0749
205_2_73_4,205,0,11,2,73,8.2,12,0.0354
205_2_73_5,205,0,11,2,73,9.9,13.1,0.051
205_2_73_6,205,0,11,2,73,10,18.5,0.1027
200_2_74_2,200,0,11,2,74,10.4,20.8,0.135
200_2_74_3,200,0,11,2,74,10.6,19.4,0.1197
200_2_74_4,200,0,11,2,74,8.9,12.8,0.0437
200_2_74_5,200,0,11,2,74,8.5,13,0.0431
200_2_74_6,200,0,11,2,74,12.1,17.9,0.1163
204_2_75_2,204,0,11,2,75,10.3,21.8,0.1468
204_2_75_5,204,0,11,2,75,6.6,9.8,0.019
204_2_75_6,204,0,11,2,75,11.7,23.9,0.2005
197_2_76_1,197,0,11,2,76,12.3,21.5,0.1706
197_2_76_4,197,0,11,2,76,10.2,19.6,0.1176
197_2_76_5,197,0,11,2,76,10.2,16.6,0.0843
203_2_77_1,203,0,11,2,77,9.1,12.3,0.0413
203_2_77_2,203,0,11,2,77,11.1,21,0.1469
203_2_77_3,203,0,11,2,77,12.4,23.8,0.2107
203_2_77_4,203,0,11,2,77,7.1,11.1,0.0262
206_2_78_1,206,0,11,2,78,12.2,23.5,0.2021
206_2_78_3,206,0,11,2,78,9,17.9,0.0865
206_2_78_4,206,0,11,2,78,7.8,15.5,0.0562
206_2_78_5,206,0,11,2,78,11.2,20.4,0.1398
206_2_78_6,206,0,11,2,78,11,17.2,0.0976
196_2_79_3,196,0,11,2,79,5.5,7.1,0.0083
196_2_79_5,196,0,11,2,79,11.1,19.6,0.1279
196_2_79_6,196,0,11,2,79,5.2,8.1,0.0102
201_2_80_1,201,0,11,2,80,11.3,26.8,0.2435
201_2_80_3,201,0,11,2,80,8.1,11.6,0.0327
201_2_80_4,201,0,11,2,80,9.3,19.5,0.1061
201_2_80_5,201,0,11,2,80,12.2,19,0.1321
201_2_80_6,201,0,11,2,80,9.8,16.2,0.0772
202_2_81_1,202,0,11,2,81,9.6,13.8,0.0548
202_2_81_3,202,0,11,2,81,9.5,18.6,0.0986
202_2_81_4,202,0,11,2,81,8.8,18.1,0.0865
202_2_81_5,202,0,11,2,81,6.7,12.1,0.0294
192_2_82_1,192,0,10,2,82,12.1,22.6,0.1854
192_2_82_3,192,0,10,2,82,12.7,20.2,0.1555
192_2_82_4,192,0,10,2,82,12.7,23.7,0.214
192_2_82_5,192,0,10,2,82,12.3,20,0.1476
192_2_82_6,192,0,10,2,82,10.5,19,0.1137
191_2_83_1,191,0,10,2,83,7.9,10.2,0.0247
191_2_83_3,191,0,10,2,83,12.2,21.6,0.1708
191_2_83_4,191,0,10,2,83,7.5,11.4,0.0292
191_2_83_5,191,0,10,2,83,12.2,23.1,0.1953
191_2_83_6,191,0,10,2,83,11.5,18.8,0.1219
170_2_84_1,170,0,10,2,84,11.6,17.4,0.1054
170_2_84_3,170,0,10,2,84,10.6,17.5,0.0974
170_2_84_4,170,0,10,2,84,10.7,18.6,0.1111
170_2_84_5,170,0,10,2,84,11.5,18.8,0.1219
170_2_84_6,170,0,10,2,84,11.3,16.8,0.0957
225_2_85_1,225,0,12,2,85,13.8,24.2,0.2425
225_2_85_2,225,0,12,2,85,13.5,23.1,0.2161
225_2_85_3,225,0,12,2,85,10.9,18.8,0.1156
225_2_85_4,225,0,12,2,85,8.8,16.8,0.0745
225_2_85_5,225,0,12,2,85,11.7,19.9,0.139
225_2_85_6,225,0,12,2,85,11.6,21.3,0.1579
211_2_86_1,211,0,12,2,86,9.6,13.6,0.0533
211_2_86_2,211,0,12,2,86,13.4,22,0.1946
211_2_86_4,211,0,12,2,86,11.8,20.6,0.1502
211_2_86_5,211,0,12,2,86,9.8,17.1,0.086
211_2_86_6,211,0,12,2,86,9.9,15.1,0.0677
218_2_87_1,218,0,12,2,87,12.6,24,0.2177
218_2_87_2,218,0,12,2,87,11.7,18.5,0.1201
218_2_87_3,218,0,12,2,87,6.6,9.7,0.0186
218_2_87_4,218,0,12,2,87,10.8,17.7,0.1015
218_2_87_5,218,0,12,2,87,11.9,17.2,0.1056
218_2_87_6,218,0,12,2,87,10.4,19.3,0.1162
216_2_88_1,216,0,12,2,88,11.5,17.7,0.1081
216_2_88_4,216,0,12,2,88,12.1,19.7,0.1409
216_2_88_5,216,0,12,2,88,6.9,19.9,0.082
216_2_88_6,216,0,12,2,88,14.4,23.9,0.2468
210_2_89_1,210,0,12,2,89,13.8,25,0.2588
210_2_89_2,210,0,12,2,89,11.2,19.9,0.1331
210_2_89_4,210,0,12,2,89,9,14.9,0.0599
210_2_89_5,210,0,12,2,89,11.7,18.9,0.1254
210_2_89_6,210,0,12,2,89,10.1,16.3,0.0805
212_2_90_1,212,0,12,2,90,12.2,23,0.1936
212_2_90_2,212,0,12,2,90,11.4,15.9,0.0865
212_2_90_3,212,0,12,2,90,10.8,19.7,0.1257
212_2_90_4,212,0,12,2,90,9.9,16.5,0.0809
212_2_90_5,212,0,12,2,90,10.4,18.5,0.1068
212_2_90_6,212,0,12,2,90,10.9,18.5,0.1119
217_2_91_1,217,0,12,2,91,14.2,19.9,0.1687
217_2_91_2,217,0,12,2,91,12.1,22.1,0.1773
217_2_91_3,217,0,12,2,91,13.8,19.1,0.151
217_2_91_4,217,0,12,2,91,11.3,22.7,0.1747
217_2_91_5,217,0,12,2,91,13.2,22,0.1917
217_2_91_6,217,0,12,2,91,11,23.6,0.1838
226_2_92_1,226,0,12,2,92,14.7,18.6,0.1526
226_2_92_2,226,0,12,2,92,10.1,14.7,0.0655
226_2_92_3,226,0,12,2,92,7.6,21.9,0.1094
226_2_92_5,226,0,12,2,92,11.2,14.9,0.0746
226_2_92_6,226,0,12,2,92,12.1,16.4,0.0976
227_2_93_1,227,0,12,2,93,9.6,14.8,0.0631
227_2_93_2,227,0,12,2,93,13.2,20.7,0.1697
227_2_93_3,227,0,12,2,93,9.6,14.7,0.0622
227_2_93_4,227,0,12,2,93,9.9,16,0.076
227_2_93_5,227,0,12,2,93,10.6,19.9,0.1259
227_2_93_6,227,0,12,2,93,13.5,24.4,0.2411
224_2_94_1,224,0,12,2,94,11,17.4,0.0999
224_2_94_2,224,0,12,2,94,14.1,21.5,0.1955
224_2_94_3,224,0,12,2,94,8.3,15.7,0.0614
224_2_94_4,224,0,12,2,94,8.6,17.2,0.0763
224_2_94_5,224,0,12,2,94,9,15.9,0.0683
224_2_94_6,224,0,12,2,94,8.3,13.6,0.0461
213_2_95_1,213,0,12,2,95,12.6,22.4,0.1897
213_2_95_2,213,0,12,2,95,11.1,21,0.1469
213_2_95_3,213,0,12,2,95,9.9,15.2,0.0686
213_2_95_5,213,0,12,2,95,6.9,17.5,0.0634
213_2_95_6,213,0,12,2,95,7.6,19.6,0.0876
219_2_96_3,219,0,12,2,96,12.3,23.3,0.2003
219_2_96_4,219,0,12,2,96,11,18.8,0.1166
219_2_96_5,219,0,12,2,96,11.1,17.9,0.1067
219_2_96_6,219,0,12,2,96,11.9,20.1,0.1442
224_3_97_1,224,0,12,3,97,9.7,18.9,0.1039
224_3_97_2,224,0,12,3,97,12.5,20.5,0.1576
224_3_97_3,224,0,12,3,97,11.8,19.9,0.1402
224_3_97_4,224,0,12,3,97,14.1,21.4,0.1937
224_3_97_5,224,0,12,3,97,11.4,20.1,0.1382
224_3_97_6,224,0,12,3,97,12.3,26.8,0.265
226_3_98_1,226,0,12,3,98,9.9,16,0.076
226_3_98_3,226,0,12,3,98,8.9,16.4,0.0718
226_3_98_5,226,0,12,3,98,13.4,22.8,0.209
226_3_98_6,226,0,12,3,98,13.4,25.4,0.2594
211_3_99_1,211,0,12,3,99,8.8,12.6,0.0419
211_3_99_2,211,0,12,3,99,11.9,20.1,0.1442
211_3_99_5,211,0,12,3,99,13.1,23.9,0.2245
211_3_99_6,211,0,12,3,99,11,21,0.1455
225_3_100_2,225,0,12,3,100,11.6,20,0.1392
225_3_100_4,225,0,12,3,100,10,20.7,0.1285
225_3_100_5,225,0,12,3,100,11.6,19.6,0.1337
225_3_100_6,225,0,12,3,100,11.9,20.6,0.1515
217_3_101_1,217,0,12,3,101,14.2,24.1,0.2474
217_3_101_2,217,0,12,3,101,12.5,27.3,0.2795
217_3_101_3,217,0,12,3,101,8.8,14.1,0.0525
217_3_101_4,217,0,12,3,101,11.2,21.5,0.1553
217_3_101_5,217,0,12,3,101,12.3,24.9,0.2288
217_3_101_6,217,0,12,3,101,12.7,24,0.2195
219_3_102_1,219,0,12,3,102,11.7,20.7,0.1504
219_3_102_3,219,0,12,3,102,12,24.5,0.2161
219_3_102_5,219,0,12,3,102,8.8,11.5,0.0349
227_3_103_1,227,0,12,3,103,10.9,23.8,0.1852
227_3_103_2,227,0,12,3,103,9.6,16.7,0.0803
227_3_103_3,227,0,12,3,103,12.9,27.4,0.2905
227_3_103_4,227,0,12,3,103,12.4,22.5,0.1883
227_3_103_5,227,0,12,3,103,12.1,21.5,0.1678
227_3_103_6,227,0,12,3,103,12,21.5,0.1664
216_3_104_2,216,0,12,3,104,10.8,21,0.1429
216_3_104_4,216,0,12,3,104,10.8,19.9,0.1283
216_3_104_5,216,0,12,3,104,10.8,15.1,0.0739
216_3_104_6,216,0,12,3,104,12.5,25.4,0.2419
212_3_105_2,212,0,12,3,105,12.5,24.5,0.2251
212_3_105_3,212,0,12,3,105,11.8,21.6,0.1652
212_3_105_4,212,0,12,3,105,10.4,15,0.0702
212_3_105_5,212,0,12,3,105,7.7,12.6,0.0367
212_3_105_6,212,0,12,3,105,10.5,19.2,0.1161
213_3_106_1,213,0,12,3,106,12.6,22.7,0.1948
213_3_106_2,213,0,12,3,106,14.6,26.6,0.3099
213_3_106_3,213,0,12,3,106,13.8,20.9,0.1808
213_3_106_4,213,0,12,3,106,11.8,21.5,0.1636
213_3_106_6,213,0,12,3,106,11.6,23.6,0.1938
210_3_107_1,210,0,12,3,107,11.9,21.3,0.162
210_3_107_3,210,0,12,3,107,7.5,12.7,0.0363
210_3_107_4,210,0,12,3,107,9.7,16.9,0.0831
210_3_107_5,210,0,12,3,107,8.8,14.9,0.0586
210_3_107_6,210,0,12,3,107,8.5,13.9,0.0493
218_3_108_1,218,0,12,3,108,12.1,22.9,0.1904
218_3_108_2,218,0,12,3,108,10.2,18.5,0.1047
218_3_108_3,218,0,12,3,108,12.8,19.9,0.1521
218_3_108_4,218,0,12,3,108,9.3,17.7,0.0874
218_3_108_5,218,0,12,3,108,11,20.6,0.14
218_3_108_6,218,0,12,3,108,8.8,19.5,0.1004
239_3_109_1,239,0,13,3,109,10.5,15.4,0.0747
239_3_109_2,239,0,13,3,109,9.2,17,0.0798
239_3_109_3,239,0,13,3,109,12.5,23,0.1984
239_3_109_4,239,0,13,3,109,9.5,16,0.073
239_3_109_5,239,0,13,3,109,11,20.6,0.14
239_3_109_6,239,0,13,3,109,10.8,19.5,0.1232
252_3_110_1,252,0,13,3,110,12.7,23.5,0.2104
252_3_110_2,252,0,13,3,110,10.1,17.5,0.0928
252_3_110_3,252,0,13,3,110,10.6,21.5,0.147
252_3_110_4,252,0,13,3,110,9.2,13.1,0.0474
252_3_110_5,252,0,13,3,110,14.4,19.9,0.1711
252_3_110_6,252,0,13,3,110,8.5,12.7,0.0411
245_3_111_1,245,0,13,3,111,8.6,13.1,0.0443
245_3_111_2,245,0,13,3,111,11.1,20.9,0.1455
245_3_111_3,245,0,13,3,111,8.5,14.3,0.0521
245_3_111_4,245,0,13,3,111,12.1,20.4,0.1511
245_3_111_5,245,0,13,3,111,11.1,18.6,0.1152
245_3_111_6,245,0,13,3,111,9.8,17.7,0.0921
238_3_112_1,238,0,13,3,112,11.6,23.5,0.1922
238_3_112_2,238,0,13,3,112,10.6,15.7,0.0784
238_3_112_3,238,0,13,3,112,8.1,11.5,0.0321
238_3_112_4,238,0,13,3,112,9.2,13.1,0.0474
238_3_112_5,238,0,13,3,112,9.2,17.6,0.0855
238_3_112_6,238,0,13,3,112,10.8,20.2,0.1322
247_3_113_1,247,0,13,3,113,11.1,23.4,0.1823
247_3_113_2,247,0,13,3,113,8.5,16.6,0.0703
247_3_113_3,247,0,13,3,113,7.4,13.3,0.0393
247_3_113_4,247,0,13,3,113,7.5,13.1,0.0386
247_3_113_5,247,0,13,3,113,10.8,19,0.117
247_3_113_6,247,0,13,3,113,10,18.1,0.0983
232_3_114_1,232,0,13,3,114,11.9,23,0.1889
232_3_114_3,232,0,13,3,114,9.6,18.5,0.0986
232_3_114_4,232,0,13,3,114,8.6,15.2,0.0596
232_3_114_5,232,0,13,3,114,11.1,21.1,0.1483
232_3_114_6,232,0,13,3,114,10.3,18.7,0.1081
231_3_115_1,231,0,13,3,115,12.8,24.5,0.2305
231_3_115_2,231,0,13,3,115,11.5,16,0.0883
231_3_115_4,231,0,13,3,115,8.6,16.5,0.0702
231_3_115_5,231,0,13,3,115,12.1,19.6,0.1395
231_3_115_6,231,0,13,3,115,11.8,22.5,0.1792
233_3_116_1,233,0,13,3,116,11.6,24.5,0.2089
233_3_116_2,233,0,13,3,116,13.1,26.5,0.276
233_3_116_3,233,0,13,3,116,10.3,14.5,0.065
233_3_116_4,233,0,13,3,116,10.2,18.5,0.1047
233_3_116_5,233,0,13,3,116,8.9,13.3,0.0472
233_3_116_6,233,0,13,3,116,9.5,16.2,0.0748
253_3_117_1,253,0,13,3,117,9,11.2,0.0339
253_3_117_2,253,0,13,3,117,11.3,21,0.1495
253_3_117_3,253,0,13,3,117,12.1,25.2,0.2305
253_3_117_4,253,0,13,3,117,5.6,9,0.0136
253_3_117_5,253,0,13,3,117,10.5,20.5,0.1324
251_3_118_1,251,0,13,3,118,11.9,21.4,0.1635
251_3_118_2,251,0,13,3,118,10.1,14.2,0.0611
251_3_118_3,251,0,13,3,118,13.5,17.7,0.1269
251_3_118_4,251,0,13,3,118,14.7,31.2,0.4293
251_3_118_5,251,0,13,3,118,13.5,15.6,0.0986
204_3_119_1,204,0,11,3,119,9.8,15.7,0.0725
204_3_119_3,204,0,11,3,119,10.8,21.1,0.1442
204_3_119_5,204,0,11,3,119,9.5,20.1,0.1151
204_3_119_6,204,0,11,3,119,9.8,17.8,0.0932
196_3_120_1,196,0,11,3,120,10.7,19.9,0.1271
196_3_120_2,196,0,11,3,120,5.2,7.5,0.0088
196_3_120_3,196,0,11,3,120,11.1,19.5,0.1266
196_3_120_4,196,0,11,3,120,11.6,18.5,0.1191
196_3_120_6,196,0,11,3,120,12.7,23.3,0.2068
202_3_121_1,202,0,11,3,121,10.4,16.4,0.0839
202_3_121_3,202,0,11,3,121,10.2,19,0.1105
202_3_121_4,202,0,11,3,121,9.7,12.6,0.0462
202_3_121_5,202,0,11,3,121,8.8,9.5,0.0238
202_3_121_6,202,0,11,3,121,13.2,22,0.1917
198_3_122_1,198,0,11,3,122,8.6,17.1,0.0754
198_3_122_2,198,0,11,3,122,7.6,12.7,0.0368
198_3_122_4,198,0,11,3,122,8.1,11.1,0.0299
198_3_122_5,198,0,11,3,122,8.7,13.8,0.0497
198_3_122_6,198,0,11,3,122,6.4,7.7,0.0114
203_3_123_1,203,0,11,3,123,12.5,19.5,0.1426
203_3_123_3,203,0,11,3,123,14.9,30.4,0.4131
203_3_123_4,203,0,11,3,123,12,19.3,0.1341
203_3_123_5,203,0,11,3,123,10.2,17.8,0.097
203_3_123_6,203,0,11,3,123,9.8,12.3,0.0445
201_3_124_1,201,0,11,3,124,12.5,23.7,0.2106
201_3_124_3,201,0,11,3,124,8.1,16,0.0622
201_3_124_5,201,0,11,3,124,9.1,14.5,0.0574
201_3_124_6,201,0,11,3,124,7.7,11.8,0.0322
200_3_125_1,200,0,11,3,125,12.1,17.8,0.115
200_3_125_2,200,0,11,3,125,11,15.6,0.0803
200_3_125_3,200,0,11,3,125,11.1,14.2,0.0671
200_3_125_4,200,0,11,3,125,10.7,19.4,0.1208
200_3_125_5,200,0,11,3,125,9.7,16.6,0.0802
200_3_125_6,200,0,11,3,125,11.1,18.3,0.1115
197_3_126_1,197,0,11,3,126,11.9,22.4,0.1791
197_3_126_2,197,0,11,3,126,12,14,0.0706
197_3_126_3,197,0,11,3,126,10.2,18.1,0.1002
197_3_126_4,197,0,11,3,126,8.9,16.3,0.0709
197_3_126_6,197,0,11,3,126,12.8,20.5,0.1614
207_3_127_1,207,0,11,3,127,9.2,14.8,0.0605
207_3_127_2,207,0,11,3,127,8.9,12.7,0.0431
207_3_127_3,207,0,11,3,127,5.7,9.5,0.0154
207_3_127_4,207,0,11,3,127,7.8,13.5,0.0426
207_3_127_6,207,0,11,3,127,7.3,12.3,0.0331
205_3_128_1,205,0,11,3,128,11.4,17.2,0.1012
205_3_128_2,205,0,11,3,128,12.3,22.3,0.1835
205_3_128_3,205,0,11,3,128,9.7,15.3,0.0681
205_3_128_4,205,0,11,3,128,11.5,19.1,0.1259
205_3_128_5,205,0,11,3,128,9.5,15,0.0641
205_3_128_6,205,0,11,3,128,9,14.4,0.056
206_3_129_1,206,0,11,3,129,11.1,17.3,0.0997
206_3_129_2,206,0,11,3,129,8.8,13.4,0.0474
206_3_129_3,206,0,11,3,129,7.5,9.2,0.019
206_3_129_5,206,0,11,3,129,10.9,18.9,0.1168
206_3_129_6,206,0,11,3,129,9.4,12.8,0.0462
191_3_130_1,191,0,10,3,130,11.6,19.2,0.1283
191_3_130_2,191,0,10,3,130,12.8,26,0.2596
191_3_130_3,191,0,10,3,130,11.7,22.8,0.1825
191_3_130_4,191,0,10,3,130,12.8,21.6,0.1792
191_3_130_5,191,0,10,3,130,12.4,20.9,0.1625
191_3_130_6,191,0,10,3,130,10,16.2,0.0787
192_3_131_1,192,0,10,3,131,12.3,22,0.1786
192_3_131_2,192,0,10,3,131,13.8,25.1,0.2608
192_3_131_3,192,0,10,3,131,14.2,23.8,0.2413
192_3_131_4,192,0,10,3,131,12.2,15.9,0.0925
192_3_131_5,192,0,10,3,131,11.8,18.5,0.1212
192_3_131_6,192,0,10,3,131,11.3,18,0.1098
170_3_132_1,170,0,10,3,132,10.6,19.2,0.1172
170_3_132_2,170,0,10,3,132,12.8,20.7,0.1645
170_3_132_3,170,0,10,3,132,12.2,24.5,0.2197
170_3_132_5,170,0,10,3,132,11.9,18.6,0.1235
197_4_145_1,197,0,11,4,145,11.4,22.2,0.1686
197_4_145_2,197,0,11,4,145,11.9,22,0.1728
197_4_145_3,197,0,11,4,145,10.3,16.3,0.0821
197_4_145_4,197,0,11,4,145,12.3,22.3,0.1835
197_4_145_5,197,0,11,4,145,8.4,12,0.0363
197_4_145_6,197,0,11,4,145,6.9,11.5,0.0274
204_4_146_1,204,0,11,4,146,11.1,20.3,0.1372
204_4_146_2,204,0,11,4,146,9.2,13.9,0.0533
204_4_146_3,204,0,11,4,146,10.4,16.4,0.0839
204_4_146_4,204,0,11,4,146,10.8,20.1,0.1309
204_4_146_5,204,0,11,4,146,10.7,19.1,0.1171
204_4_146_6,204,0,11,4,146,8.1,14.5,0.0511
201_4_147_1,201,0,11,4,147,10.1,20.5,0.1273
201_4_147_4,201,0,11,4,147,7,10.5,0.0232
201_4_147_5,201,0,11,4,147,4,5,0.003
206_4_148_3,206,0,11,4,148,7.7,12.5,0.0361
206_4_148_5,206,0,11,4,148,11.7,21.2,0.1578
206_4_148_6,206,0,11,4,148,10,17.7,0.094
196_4_149_3,196,0,11,4,149,10.3,17.8,0.0979
196_4_149_5,196,0,11,4,149,9,16.8,0.0762
196_4_149_6,196,0,11,4,149,9.7,20.2,0.1187
198_4_150_1,198,0,11,4,150,9.3,17.3,0.0835
198_4_150_3,198,0,11,4,150,10.2,18.5,0.1047
198_4_150_5,198,0,11,4,150,8.7,18.5,0.0893
198_4_150_6,198,0,11,4,150,8.1,16.3,0.0646
200_4_151_3,200,0,11,4,151,8.9,19.2,0.0984
200_4_151_6,200,0,11,4,151,10.1,19.4,0.114
207_4_152_2,207,0,11,4,152,8.3,18,0.0807
207_4_152_3,207,0,11,4,152,9,16.5,0.0735
207_4_152_4,207,0,11,4,152,9.8,16.1,0.0762
207_4_152_6,207,0,11,4,152,7.7,15,0.052
205_4_153_3,205,0,11,4,153,11.2,20.5,0.1412
205_4_153_4,205,0,11,4,153,8.5,11.2,0.032
205_4_153_5,205,0,11,4,153,9.3,15.6,0.0679
205_4_153_6,205,0,11,4,153,7.8,9.9,0.0229
203_4_154_2,203,0,11,4,154,10.1,21.9,0.1453
203_4_154_3,203,0,11,4,154,12.9,23.5,0.2137
203_4_154_4,203,0,11,4,154,10,21.5,0.1387
203_4_154_5,203,0,11,4,154,9.3,15.2,0.0645
203_4_154_6,203,0,11,4,154,9.8,22.3,0.1462
202_4_155_1,202,0,11,4,155,10.8,22.1,0.1582
202_4_155_2,202,0,11,4,155,11.1,19.6,0.1279
202_4_155_3,202,0,11,4,155,10.5,16.5,0.0858
202_4_155_4,202,0,11,4,155,10,16.1,0.0778
202_4_155_5,202,0,11,4,155,11.2,12.5,0.0525
202_4_155_6,202,0,11,4,155,10.5,19.2,0.1161
170_4_156_1,170,0,10,4,156,10.7,22,0.1554
170_4_156_2,170,0,10,4,156,12.3,22.4,0.1851
170_4_156_3,170,0,10,4,156,11.4,22.5,0.1731
170_4_156_4,170,0,10,4,156,11.3,17.2,0.1003
170_4_156_5,170,0,10,4,156,10.5,20.1,0.1273
170_4_156_6,170,0,10,4,156,11,20.5,0.1387
192_4_157_1,192,0,10,4,157,13.5,25,0.2531
192_4_157_2,192,0,10,4,157,11.4,16.5,0.0931
192_4_157_4,192,0,10,4,157,11.5,21.4,0.158
192_4_157_5,192,0,10,4,157,9.9,16,0.076
192_4_157_6,192,0,10,4,157,10.8,19.8,0.127
191_4_158_1,191,0,10,4,158,9.6,14.8,0.0631
191_4_158_2,191,0,10,4,158,13.3,18.9,0.1425
191_4_158_3,191,0,10,4,158,11.2,18,0.1089
191_4_158_4,191,0,10,4,158,12.4,22.5,0.1883
191_4_158_5,191,0,10,4,158,10.4,15.2,0.0721
191_4_158_6,191,0,10,4,158,11.8,18.4,0.1199
253_4_171_2,253,0,13,4,171,7.4,12.3,0.0336
253_4_171_3,253,0,13,4,171,12.1,27.3,0.2705
253_4_171_5,253,0,13,4,171,7.5,10.8,0.0262
232_4_172_1,232,0,13,4,172,8.5,13.8,0.0486
232_4_172_2,232,0,13,4,172,8.7,14.9,0.0579
232_4_172_3,232,0,13,4,172,8.7,12.6,0.0414
232_4_172_4,232,0,13,4,172,12.1,22.5,0.1838
232_4_172_5,232,0,13,4,172,8.9,16.3,0.0709
239_4_173_1,239,0,13,4,173,10.9,22.2,0.1612
239_4_173_3,239,0,13,4,173,11.4,19.5,0.13
239_4_173_4,239,0,13,4,173,10.6,20,0.1272
239_4_173_5,239,0,13,4,173,8.5,13.2,0.0444
239_4_173_6,239,0,13,4,173,11.7,25.4,0.2265
238_4_174_1,238,0,13,4,174,12.8,19.4,0.1445
238_4_174_2,238,0,13,4,174,11.4,16.4,0.092
238_4_174_5,238,0,13,4,174,9.3,17.4,0.0845
238_4_174_6,238,0,13,4,174,10.6,16.4,0.0855
245_4_175_1,245,0,13,4,175,12.9,23.6,0.2155
245_4_175_2,245,0,13,4,175,6.7,8.4,0.0142
245_4_175_3,245,0,13,4,175,12.6,26,0.2555
245_4_175_4,245,0,13,4,175,10,13.3,0.0531
245_4_175_5,245,0,13,4,175,7.7,11.8,0.0322
245_4_175_6,245,0,13,4,175,9.6,15.5,0.0692
231_4_176_1,231,0,13,4,176,10.4,13.5,0.0569
231_4_176_2,231,0,13,4,176,11.7,19.8,0.1376
231_4_176_3,231,0,13,4,176,9.9,16.8,0.0838
231_4_176_4,231,0,13,4,176,10.7,18.5,0.1099
231_4_176_5,231,0,13,4,176,9.8,18.5,0.1006
252_4_177_1,252,0,13,4,177,10.5,20.9,0.1376
252_4_177_2,252,0,13,4,177,10.3,19.8,0.1211
252_4_177_3,252,0,13,4,177,9.7,16,0.0745
252_4_177_5,252,0,13,4,177,10,16.1,0.0778
252_4_177_6,252,0,13,4,177,9.9,20.3,0.1224
247_4_178_2,247,0,13,4,178,9,14.8,0.0591
247_4_178_3,247,0,13,4,178,10.2,20.2,0.1249
247_4_178_4,247,0,13,4,178,8.9,16.8,0.0754
247_4_178_5,247,0,13,4,178,6,9.6,0.0166
247_4_178_6,247,0,13,4,178,6.4,10.5,0.0212
233_4_179_2,233,0,13,4,179,10.4,16.9,0.0891
233_4_179_3,233,0,13,4,179,9.2,15,0.0621
233_4_179_4,233,0,13,4,179,7.3,11.8,0.0305
233_4_179_5,233,0,13,4,179,9.6,17.9,0.0923
233_4_179_6,233,0,13,4,179,8,12.8,0.0393
251_4_180_1,251,0,13,4,180,11.7,19.7,0.1362
251_4_180_2,251,0,13,4,180,10.5,14.1,0.0626
251_4_180_3,251,0,13,4,180,9.3,14.2,0.0563
251_4_180_4,251,0,13,4,180,8.7,11.7,0.0357
251_4_180_5,251,0,13,4,180,8.8,13.7,0.0496
251_4_180_6,251,0,13,4,180,10.7,19,0.1159
213_4_181_1,213,0,12,4,181,12.3,16.4,0.0992
213_4_181_2,213,0,12,4,181,10,13.9,0.058
213_4_181_3,213,0,12,4,181,15.2,25.5,0.2965
213_4_181_4,213,0,12,4,181,9.2,15.5,0.0663
213_4_181_5,213,0,12,4,181,12.4,22.2,0.1833
216_4_182_1,216,0,12,4,182,11.3,22.3,0.1686
216_4_182_2,216,0,12,4,182,8.5,11.4,0.0331
216_4_182_3,216,0,12,4,182,9.3,13.3,0.0494
216_4_182_4,216,0,12,4,182,11.7,19.3,0.1307
216_4_182_5,216,0,12,4,182,9.4,17.4,0.0854
216_4_182_6,216,0,12,4,182,8.9,15,0.0601
218_4_183_1,218,0,12,4,183,12.4,18.2,0.1232
218_4_183_2,218,0,12,4,183,12.4,19.6,0.1429
218_4_183_3,218,0,12,4,183,12,21.9,0.1727
218_4_183_4,218,0,12,4,183,8.1,10.3,0.0258
218_4_183_5,218,0,12,4,183,9,15.1,0.0616
218_4_183_6,218,0,12,4,183,9.7,17.3,0.0871
225_4_184_1,225,0,12,4,184,9.4,10.4,0.0305
225_4_184_2,225,0,12,4,184,10.4,13.5,0.0569
225_4_184_3,225,0,12,4,184,8.3,12.5,0.0389
225_4_184_4,225,0,12,4,184,10.7,18,0.104
225_4_184_5,225,0,12,4,184,10.4,18.4,0.1056
225_4_184_6,225,0,12,4,184,9.1,17.2,0.0808
226_4_185_1,226,0,12,4,185,12.7,19.9,0.1509
226_4_185_2,226,0,12,4,185,12.7,23.5,0.2104
226_4_185_4,226,0,12,4,185,11.8,21.5,0.1636
226_4_185_5,226,0,12,4,185,9.2,12.1,0.0404
211_4_186_2,211,0,12,4,186,8.8,12.5,0.0413
211_4_186_3,211,0,12,4,186,8.8,18.7,0.0923
211_4_186_4,211,0,12,4,186,9.6,15.3,0.0674
211_4_186_5,211,0,12,4,186,9.2,14.5,0.058
211_4_186_6,211,0,12,4,186,12.4,26.8,0.2672
217_4_187_2,217,0,12,4,187,13,21.5,0.1803
217_4_187_3,217,0,12,4,187,9.5,17,0.0824
217_4_187_4,217,0,12,4,187,10.8,18,0.105
217_4_187_5,217,0,12,4,187,11.4,17.5,0.1047
217_4_187_6,217,0,12,4,187,10.8,18.4,0.1097
210_4_188_1,210,0,12,4,188,12.9,22.3,0.1925
210_4_188_2,210,0,12,4,188,10.5,20,0.126
210_4_188_3,210,0,12,4,188,11.6,21.3,0.1579
210_4_188_4,210,0,12,4,188,8.9,15,0.0601
210_4_188_6,210,0,12,4,188,11,21.5,0.1525
227_4_189_3,227,0,12,4,189,12.4,14.1,0.074
227_4_189_4,227,0,12,4,189,11.7,23.5,0.1938
227_4_189_5,227,0,12,4,189,10.5,21.8,0.1497
227_4_189_6,227,0,12,4,189,11,21.4,0.1511
224_4_190_2,224,0,12,4,190,10.8,22,0.1568
224_4_190_3,224,0,12,4,190,9.4,14.7,0.0609
224_4_190_4,224,0,12,4,190,11,21.1,0.1469
224_4_190_5,224,0,12,4,190,8.5,17,0.0737
224_4_190_6,224,0,12,4,190,7.6,13,0.0385
219_4_191_2,219,0,12,4,191,11.9,20.9,0.1559
219_4_191_3,219,0,12,4,191,12,22.3,0.179
219_4_191_4,219,0,12,4,191,12,22,0.1742
219_4_191_5,219,0,12,4,191,9.8,15.3,0.0688
219_4_191_6,219,0,12,4,191,10.3,16.2,0.0811
212_4_192_2,212,0,12,4,192,11.5,18,0.1118
212_4_192_3,212,0,12,4,192,10.4,16.7,0.087
212_4_192_4,212,0,12,4,192,11.7,22.2,0.173
212_4_192_5,212,0,12,4,192,9,15.6,0.0657
212_4_192_6,212,0,12,4,192,9.7,16.5,0.0792
191_5_193_1,191,0,10,5,193,11.7,20.5,0.1475
191_5_193_2,191,0,10,5,193,11.3,22.1,0.1656
191_5_193_3,191,0,10,5,193,11.4,19.9,0.1354
191_5_193_5,191,0,10,5,193,10.3,22.3,0.1537
191_5_193_6,191,0,10,5,193,10.5,20.4,0.1311
192_5_194_1,192,0,10,5,194,12,13.4,0.0646
192_5_194_2,192,0,10,5,194,7.3,12.3,0.0331
192_5_194_3,192,0,10,5,194,12.7,22.9,0.1998
192_5_194_4,192,0,10,5,194,9.5,11.4,0.037
192_5_194_5,192,0,10,5,194,12.1,27.1,0.2666
170_5_195_1,170,0,10,5,195,10.9,20.3,0.1348
170_5_195_3,170,0,10,5,195,12.1,23.8,0.2056
170_5_195_4,170,0,10,5,195,10.4,18.5,0.1068
170_5_195_6,170,0,10,5,195,11.2,27.1,0.2468
231_5_196_3,231,0,13,5,196,11.6,21.8,0.1654
231_5_196_4,231,0,13,5,196,11.9,20.3,0.1471
231_5_196_6,231,0,13,5,196,9.6,11.8,0.0401
251_5_197_2,251,0,13,5,197,12.4,27.1,0.2732
251_5_197_3,251,0,13,5,197,11.3,24.7,0.2068
251_5_197_4,251,0,13,5,197,11.4,22.3,0.1701
251_5_197_5,251,0,13,5,197,14,26.3,0.2905
251_5_197_6,251,0,13,5,197,11.8,19.5,0.1346
238_5_198_1,238,0,13,5,198,10.4,18.5,0.1068
238_5_198_2,238,0,13,5,198,10.2,15.7,0.0754
238_5_198_3,238,0,13,5,198,11.3,19.5,0.1289
238_5_198_4,238,0,13,5,198,12.2,19.7,0.142
238_5_198_5,238,0,13,5,198,9.6,14.7,0.0622
238_5_198_6,238,0,13,5,198,10.8,20.3,0.1335
245_5_199_1,245,0,13,5,199,11.7,19.3,0.1307
245_5_199_2,245,0,13,5,199,12.5,25.8,0.2496
245_5_199_3,245,0,13,5,199,11.6,18.9,0.1243
245_5_199_4,245,0,13,5,199,11.8,23.6,0.1972
245_5_199_5,245,0,13,5,199,10.1,17.2,0.0896
245_5_199_6,245,0,13,5,199,11.7,26.9,0.254
252_5_200_1,252,0,13,5,200,10.5,21.5,0.1456
252_5_200_2,252,0,13,5,200,11.3,20.7,0.1453
252_5_200_3,252,0,13,5,200,8.5,11,0.0309
233_5_201_3,233,0,13,5,201,7.8,12.1,0.0343
233_5_201_5,233,0,13,5,201,7.8,13.5,0.0426
233_5_201_6,233,0,13,5,201,9.8,17.9,0.0942
247_5_202_1,247,0,13,5,202,7.9,13,0.0401
247_5_202_2,247,0,13,5,202,9.5,16.1,0.0739
247_5_202_3,247,0,13,5,202,6.7,11.4,0.0261
247_5_202_4,247,0,13,5,202,9,18.1,0.0885
247_5_202_6,247,0,13,5,202,6.4,8.7,0.0145
232_5_203_1,232,0,13,5,203,8.8,16.7,0.0736
232_5_203_2,232,0,13,5,203,10.5,24.7,0.1922
232_5_203_3,232,0,13,5,203,8.8,14.8,0.0578
232_5_203_4,232,0,13,5,203,7.9,15,0.0533
232_5_203_5,232,0,13,5,203,9.2,16.4,0.0742
232_5_203_6,232,0,13,5,203,10.8,19.8,0.127
239_5_204_1,239,0,13,5,204,9.8,18,0.0953
239_5_204_2,239,0,13,5,204,10.1,17.1,0.0886
239_5_204_3,239,0,13,5,204,11,23.5,0.1822
239_5_204_4,239,0,13,5,204,6.9,8.3,0.0143
239_5_204_5,239,0,13,5,204,9.8,16,0.0753
239_5_204_6,239,0,13,5,204,11.8,15.3,0.0829
253_5_205_1,253,0,13,5,205,11,20.5,0.1387
253_5_205_2,253,0,13,5,205,9.8,16.7,0.082
253_5_205_3,253,0,13,5,205,9.6,17.5,0.0882
253_5_205_4,253,0,13,5,205,10.4,17.8,0.0989
253_5_205_5,253,0,13,5,205,11.2,21.4,0.1539
227_5_206_1,227,0,12,5,206,12.1,25.5,0.236
227_5_206_2,227,0,12,5,206,8.1,14.4,0.0504
226_5_207_2,226,0,12,5,207,11.8,26.7,0.2524
226_5_207_3,226,0,12,5,207,10.6,22.4,0.1596
226_5_207_4,226,0,12,5,207,8.7,14,0.0512
226_5_207_5,226,0,12,5,207,9.9,17.7,0.093
226_5_207_6,226,0,12,5,207,11.2,24.9,0.2083
219_5_208_2,219,0,12,5,208,11.3,24.9,0.2102
219_5_208_3,219,0,12,5,208,11.5,22.2,0.17
219_5_208_4,219,0,12,5,208,9.9,18.8,0.105
219_5_208_5,219,0,12,5,208,11,14.8,0.0723
219_5_208_6,219,0,12,5,208,11.7,24.3,0.2073
218_5_209_1,218,0,12,5,209,9.8,16.5,0.08
218_5_209_2,218,0,12,5,209,10.3,19.8,0.1211
218_5_209_3,218,0,12,5,209,11.6,18.1,0.114
218_5_209_4,218,0,12,5,209,11.8,20.2,0.1444
218_5_209_5,218,0,12,5,209,10.8,18.6,0.1121
218_5_209_6,218,0,12,5,209,9.5,13.3,0.0504
217_5_210_1,217,0,12,5,210,10.1,19.3,0.1129
217_5_210_4,217,0,12,5,210,11.7,23.3,0.1906
217_5_210_5,217,0,12,5,210,11,14.6,0.0703
210_5_211_1,210,0,12,5,211,10.2,17.5,0.0937
210_5_211_2,210,0,12,5,211,11.5,23.2,0.1857
210_5_211_4,210,0,12,5,211,10.2,19.1,0.1116
210_5_211_5,210,0,12,5,211,10.5,25.2,0.2
210_5_211_6,210,0,12,5,211,9.4,14.6,0.0601
224_5_212_1,224,0,12,5,212,11,20.9,0.1441
224_5_212_2,224,0,12,5,212,11.9,22.5,0.1807
224_5_212_3,224,0,12,5,212,11.3,23.6,0.1888
224_5_212_4,224,0,12,5,212,9.6,17.5,0.0882
224_5_212_5,224,0,12,5,212,9.3,17.8,0.0884
224_5_212_6,224,0,12,5,212,10,25.7,0.1981
211_5_213_1,211,0,12,5,213,9.4,12.7,0.0455
211_5_213_2,211,0,12,5,213,11.6,25.7,0.2299
211_5_213_3,211,0,12,5,213,10.1,17.4,0.0917
211_5_213_4,211,0,12,5,213,10.2,19,0.1105
211_5_213_5,211,0,12,5,213,10.1,18.5,0.1037
213_5_214_1,213,0,12,5,214,10.3,21,0.1363
213_5_214_2,213,0,12,5,214,11,20,0.132
213_5_214_3,213,0,12,5,214,12.1,23.4,0.1988
213_5_214_4,213,0,12,5,214,10.3,20,0.1236
213_5_214_5,213,0,12,5,214,10.5,15.8,0.0786
212_5_215_1,212,0,12,5,215,11.4,18.9,0.1222
212_5_215_2,212,0,12,5,215,9.5,17.8,0.0903
212_5_215_3,212,0,12,5,215,10.2,17.4,0.0926
212_5_215_4,212,0,12,5,215,8.6,18.4,0.0873
212_5_215_5,212,0,12,5,215,10,17.5,0.0919
225_5_216_1,225,0,12,5,216,9.5,16.2,0.0748
225_5_216_2,225,0,12,5,216,11.2,20.1,0.1357
225_5_216_3,225,0,12,5,216,10,20.2,0.1224
225_5_216_5,225,0,12,5,216,9.7,20.1,0.1176
225_5_216_6,225,0,12,5,216,9.9,18.9,0.1061
216_5_217_1,216,0,12,5,217,11.6,14.7,0.0752
216_5_217_2,216,0,12,5,217,10,17.2,0.0888
216_5_217_3,216,0,12,5,217,10,19.9,0.1188
216_5_217_6,216,0,12,5,217,6.9,10.4,0.0224
204_5_230_1,204,0,11,5,230,11.2,24.7,0.205
204_5_230_2,204,0,11,5,230,6.9,20.7,0.0887
204_5_230_3,204,0,11,5,230,6.5,7.1,0.0098
204_5_230_4,204,0,11,5,230,8.1,15.8,0.0607
204_5_230_5,204,0,11,5,230,9.1,21.5,0.1262
204_5_230_6,204,0,11,5,230,8.4,16.8,0.0711
197_5_231_1,197,0,11,5,231,10.2,16.5,0.0833
197_5_231_5,197,0,11,5,231,8.8,11.9,0.0374
207_5_232_1,207,0,11,5,232,10.1,19.5,0.1152
207_5_232_2,207,0,11,5,232,10.2,18.5,0.1047
207_5_232_3,207,0,11,5,232,8.9,14.6,0.0569
207_5_232_5,207,0,11,5,232,10.1,17.9,0.0971
207_5_232_6,207,0,11,5,232,9.8,19.6,0.1129
201_5_233_1,201,0,11,5,233,9.8,17.3,0.088
201_5_233_2,201,0,11,5,233,12.2,22.1,0.1788
201_5_233_4,201,0,11,5,233,11.1,17.8,0.1055
201_5_233_5,201,0,11,5,233,8.9,17.2,0.079
201_5_233_6,201,0,11,5,233,12.2,19.5,0.1392
196_5_234_1,196,0,11,5,234,8.5,15.9,0.0645
196_5_234_2,196,0,11,5,234,8.5,16.8,0.072
196_5_234_3,196,0,11,5,234,8.8,19.5,0.1004
196_5_234_4,196,0,11,5,234,8.8,13.2,0.046
202_5_235_1,202,0,11,5,235,9.7,16.1,0.0754
202_5_235_3,202,0,11,5,235,5.9,8.1,0.0116
202_5_235_4,202,0,11,5,235,7.1,10,0.0213
202_5_235_5,202,0,11,5,235,10.9,18.2,0.1083
202_5_235_6,202,0,11,5,235,10.5,20.3,0.1298
200_5_236_1,200,0,11,5,236,9.8,20.8,0.1272
200_5_236_3,200,0,11,5,236,7.5,12.5,0.0352
200_5_236_4,200,0,11,5,236,9.5,19.8,0.1117
200_5_236_5,200,0,11,5,236,8.9,13.7,0.0501
206_5_237_1,206,0,11,5,237,11.8,26.1,0.2411
206_5_237_3,206,0,11,5,237,9.5,12.8,0.0467
206_5_237_4,206,0,11,5,237,8.9,15.5,0.0641
206_5_237_5,206,0,11,5,237,8.4,10.4,0.0273
206_5_237_6,206,0,11,5,237,9.9,16.4,0.0799
198_5_238_2,198,0,11,5,238,7.9,14,0.0465
198_5_238_3,198,0,11,5,238,8.8,15.6,0.0642
198_5_238_5,198,0,11,5,238,8.6,11,0.0312
198_5_238_6,198,0,11,5,238,9.6,13.6,0.0533
205_5_239_1,205,0,11,5,239,5.8,6.8,0.008
205_5_239_3,205,0,11,5,239,7.2,10.6,0.0243
205_5_239_6,205,0,11,5,239,8.9,17.5,0.0818
203_5_240_2,203,0,11,5,240,9.3,18,0.0904
203_5_240_3,203,0,11,5,240,7.4,11.2,0.0278
203_5_240_4,203,0,11,5,240,9.9,17.5,0.091
203_5_240_5,203,0,11,5,240,10.3,19.2,0.1139
196_2_79_2,196,0,11,2,79,10.6,19.5,0.1209
218_1_12_2,218,0,12,1,12,11.4,18.5,0.117
202_3_121_2,202,0,11,3,121,5.1,6.2,0.0059
210_1_4_3,210,0,12,1,4,7.1,9.2,0.018
196_1_19_4,196,0,11,1,19,7.2,9.8,0.0207
197_1_24_1,197,0,11,1,24,10.2,13.3,0.0541
197_1_24_4,197,0,11,1,24,11.2,18.7,0.1175
232_1_33_4,232,0,13,1,33,6,7.2,0.0093
233_4_179_1,233,0,13,4,179,14.1,29.9,0.3782
207_5_232_4,207,0,11,5,232,11.1,17.8,0.1055
253_1_30_4,253,0,13,1,30,8,16,0.0614
204_2_75_1,204,0,11,2,75,14.1,25.6,0.2772
204_2_75_4,204,0,11,2,75,11.3,24.7,0.2068
210_4_188_5,210,0,12,4,188,5.8,8,0.0111
197_2_76_2,197,0,11,2,76,12.7,15.4,0.0904
196_4_149_2,196,0,11,4,149,7.2,9,0.0175
191_2_83_2,191,0,10,2,83,12.7,21,0.168
216_2_88_2,216,0,12,2,88,11.9,22.8,0.1856
213_2_95_4,213,0,12,2,95,12.1,19.2,0.1338
219_2_96_2,219,0,12,2,96,8.8,11.6,0.0355
232_3_114_2,232,0,13,3,114,8.5,17.8,0.0808
201_4_147_3,201,0,11,4,147,9.6,20.2,0.1175
238_4_174_3,238,0,13,4,174,10.4,16.7,0.087
238_4_174_4,238,0,13,4,174,9.2,13.9,0.0533
213_5_214_6,213,0,12,5,214,10.9,28.2,0.26
197_5_231_4,197,0,11,5,231,10,17.8,0.0951
247_1_34_6,247,0,13,1,34,5.1,7.4,0.0084
197_3_126_5,197,0,11,3,126,8,10.4,0.026
170_1_3_6,170,0,10,1,3,10.5,16.6,0.0868
210_1_4_2,210,0,12,1,4,11.4,22.3,0.1701
201_1_18_1,201,0,11,1,18,9.5,12.6,0.0452
196_1_19_5,196,0,11,1,19,6.2,8.1,0.0122
200_1_20_4,200,0,11,1,20,13,26.9,0.2822
202_1_21_1,202,0,11,1,21,10.8,16.3,0.0861
197_1_24_5,197,0,11,1,24,11.7,18.1,0.115
198_1_26_1,198,0,11,1,26,11.9,19.9,0.1414
233_1_27_1,233,0,13,1,27,9.9,15.9,0.0751
251_1_29_1,251,0,13,1,29,12.1,23.2,0.1954
251_1_29_3,251,0,13,1,29,9.5,17.1,0.0833
251_1_29_5,251,0,13,1,29,14.6,25.6,0.287
252_1_36_4,252,0,13,1,36,12,22.1,0.1758
232_2_56_1,232,0,13,2,56,12.8,24,0.2212
231_2_58_4,231,0,13,2,58,10.1,19.3,0.1129
198_1_26_3,198,0,11,1,26,6,7.1,0.0091
197_2_76_3,197,0,11,2,76,5.4,7.7,0.0096
